device_id,latitude,longitude,timestamp
DEV910,18.466991,73.880257,"2026-09-18 06:01:35"
DEV909,18.460785,73.80299,"2026-09-18 08:46:14"
DEV908,18.454012,73.872272,"2026-09-18 22:56:32"
DEV907,18.479794,73.901003,"2026-09-18 11:34:43"
DEV906,18.525155,73.928879,"2026-09-18 11:51:32"
DEV905,18.458007,73.783247,"2026-09-18 18:05:17"
DEV904,18.461332,73.780016,"2026-09-18 15:52:01"
DEV903,18.540366,73.85358,"2026-09-18 09:58:42"
DEV902,18.573285,73.826011,"2026-09-18 06:52:01"
DEV901,18.472965,73.834228,"2026-09-18 18:56:26"
DEV920,18.558529,73.835917,"2026-09-18 14:50:23"
DEV919,18.512243,73.949217,"2026-09-18 06:47:43"
DEV918,18.499138,73.767618,"2026-09-18 17:57:26"
DEV917,18.500513,73.780547,"2026-09-18 06:06:06"
DEV916,18.564342,73.918121,"2026-09-18 14:17:38"
DEV915,18.633528,73.774906,"2026-09-18 20:47:07"
DEV914,18.645009,73.803209,"2026-09-18 12:53:12"
DEV913,18.495471,73.934297,"2026-09-18 21:43:52"
DEV912,18.622469,73.857131,"2026-09-18 07:33:02"
DEV911,18.61983,73.944418,"2026-09-18 11:19:15"
DEV930,18.579744,73.81092,"2026-09-18 15:48:22"
DEV929,18.644082,73.774305,"2026-09-18 17:50:19"
DEV928,18.473487,73.849592,"2026-09-18 08:20:14"
DEV927,18.488719,73.861097,"2026-09-18 09:20:35"
DEV926,18.51336,73.948808,"2026-09-18 06:20:12"
DEV925,18.473382,73.855026,"2026-09-18 10:40:24"
DEV924,18.609836,73.784232,"2026-09-18 13:47:24"
DEV923,18.605556,73.85283,"2026-09-18 10:02:09"
DEV922,18.578915,73.852133,"2026-09-18 16:31:59"
DEV921,18.563201,73.944245,"2026-09-18 08:41:16"
DEV940,18.625371,73.931992,"2026-09-18 21:37:36"
DEV939,18.623251,73.864718,"2026-09-18 10:34:34"
DEV938,18.575032,73.813649,"2026-09-18 18:10:02"
DEV937,18.574788,73.944501,"2026-09-18 22:50:31"
DEV936,18.457207,73.791609,"2026-09-18 21:50:45"
DEV935,18.457283,73.827148,"2026-09-18 19:55:50"
DEV934,18.638015,73.798399,"2026-09-18 12:37:32"
DEV933,18.494552,73.938911,"2026-09-18 06:55:34"
DEV932,18.537753,73.756075,"2026-09-18 20:12:17"
DEV931,18.467358,73.935442,"2026-09-18 12:23:10"
DEV950,18.469341,73.821306,"2026-09-18 14:22:23"
DEV949,18.528624,73.847592,"2026-09-18 10:25:39"
DEV948,18.617679,73.832123,"2026-09-18 15:08:38"
DEV947,18.541514,73.884842,"2026-09-18 22:58:17"
DEV946,18.643803,73.920017,"2026-09-18 11:50:15"
DEV945,18.483339,73.910659,"2026-09-18 14:46:43"
DEV944,18.484419,73.812259,"2026-09-18 06:40:59"
DEV943,18.503412,73.792948,"2026-09-18 10:37:57"
DEV942,18.593661,73.904805,"2026-09-18 18:09:29"
DEV941,18.500779,73.774781,"2026-09-18 20:34:59"
DEV960,18.633487,73.752739,"2026-09-18 11:22:29"
DEV959,18.557946,73.900033,"2026-09-18 08:14:16"
DEV958,18.531543,73.878729,"2026-09-18 22:54:58"
DEV957,18.458884,73.797376,"2026-09-18 06:52:10"
DEV956,18.559027,73.86444,"2026-09-18 09:50:07"
DEV955,18.532286,73.826064,"2026-09-18 17:20:40"
DEV954,18.489129,73.945251,"2026-09-18 11:00:13"
DEV953,18.558591,73.916348,"2026-09-18 15:00:26"
DEV952,18.480801,73.786098,"2026-09-18 13:29:14"
DEV951,18.582136,73.946421,"2026-09-18 21:47:04"
DEV970,18.589234,73.889072,"2026-09-18 12:36:02"
DEV969,18.621067,73.772367,"2026-09-18 22:53:02"
DEV968,18.576072,73.784454,"2026-09-18 22:29:40"
DEV967,18.516912,73.902398,"2026-09-18 19:42:22"
DEV966,18.599065,73.811568,"2026-09-18 11:09:17"
DEV965,18.568524,73.760683,"2026-09-18 14:18:59"
DEV964,18.507162,73.942286,"2026-09-18 22:08:42"
DEV963,18.622852,73.844433,"2026-09-18 19:03:24"
DEV962,18.534744,73.912896,"2026-09-18 19:37:15"
DEV961,18.562542,73.831972,"2026-09-18 12:08:23"
DEV980,18.565259,73.909589,"2026-09-18 10:26:03"
DEV979,18.632071,73.903855,"2026-09-18 07:57:35"
DEV978,18.503729,73.949468,"2026-09-18 09:04:22"
DEV977,18.63236,73.753343,"2026-09-18 11:55:08"
DEV976,18.588146,73.831825,"2026-09-18 22:32:54"
DEV975,18.577961,73.805745,"2026-09-18 14:03:41"
DEV974,18.556975,73.800347,"2026-09-18 17:07:08"
DEV973,18.553015,73.872639,"2026-09-18 14:51:10"
DEV972,18.602845,73.801769,"2026-09-18 06:01:33"
DEV971,18.496229,73.780224,"2026-09-18 07:03:24"
DEV990,18.621498,73.770186,"2026-09-18 21:50:49"
DEV989,18.521629,73.948832,"2026-09-18 21:14:18"
DEV988,18.549881,73.911576,"2026-09-18 15:12:00"
DEV987,18.506462,73.907596,"2026-09-18 07:34:50"
DEV986,18.470188,73.795153,"2026-09-18 20:02:31"
DEV985,18.54055,73.907147,"2026-09-18 15:41:48"
DEV984,18.548968,73.902593,"2026-09-18 11:36:55"
DEV983,18.522541,73.914512,"2026-09-18 06:25:11"
DEV982,18.581154,73.790954,"2026-09-18 06:57:41"
DEV981,18.583692,73.784525,"2026-09-18 20:34:54"
DEV100,18.604171,73.80621,"2026-09-18 07:34:31"
DEV999,18.574039,73.914595,"2026-09-18 10:19:22"
DEV998,18.610502,73.799936,"2026-09-18 20:17:41"
DEV997,18.541069,73.900818,"2026-09-18 12:52:29"
DEV996,18.601958,73.867143,"2026-09-18 17:02:11"
DEV995,18.547782,73.849384,"2026-09-18 06:18:13"
DEV994,18.569718,73.93787,"2026-09-18 21:18:59"
DEV993,18.587356,73.896201,"2026-09-18 16:06:34"
DEV992,18.606085,73.773613,"2026-09-18 10:14:01"
DEV991,18.628203,73.89159,"2026-09-18 20:44:02"
DEV810,18.491938,73.839665,"2026-09-18 16:24:48"
DEV809,18.593558,73.900259,"2026-09-18 16:15:09"
DEV808,18.602324,73.94976,"2026-09-18 18:03:19"
DEV807,18.559864,73.873833,"2026-09-18 13:36:49"
DEV806,18.526366,73.863113,"2026-09-18 17:35:57"
DEV805,18.59298,73.855509,"2026-09-18 14:22:53"
DEV804,18.626508,73.936718,"2026-09-18 06:20:44"
DEV803,18.510179,73.838694,"2026-09-18 11:20:58"
DEV802,18.498596,73.804171,"2026-09-18 16:37:50"
DEV801,18.51282,73.888899,"2026-09-18 15:00:47"
DEV820,18.563492,73.799345,"2026-09-18 15:01:52"
DEV819,18.633217,73.947332,"2026-09-18 09:08:44"
DEV818,18.643047,73.804209,"2026-09-18 13:48:42"
DEV817,18.546897,73.758771,"2026-09-18 19:01:08"
DEV816,18.589506,73.788038,"2026-09-18 20:35:31"
DEV815,18.594249,73.756229,"2026-09-18 22:51:48"
DEV814,18.623288,73.821256,"2026-09-18 09:05:43"
DEV813,18.618309,73.882298,"2026-09-18 19:18:29"
DEV812,18.635933,73.809967,"2026-09-18 18:04:23"
DEV811,18.580281,73.775294,"2026-09-18 17:31:42"
DEV830,18.452266,73.754439,"2026-09-18 07:18:31"
DEV829,18.513674,73.822175,"2026-09-18 20:26:15"
DEV828,18.482747,73.804173,"2026-09-18 20:40:23"
DEV827,18.550602,73.935137,"2026-09-18 08:01:47"
DEV826,18.613992,73.898317,"2026-09-18 10:13:00"
DEV825,18.453092,73.816633,"2026-09-18 16:31:50"
DEV824,18.469557,73.876109,"2026-09-18 20:36:34"
DEV823,18.531056,73.83965,"2026-09-18 06:25:54"
DEV822,18.606451,73.917013,"2026-09-18 20:05:08"
DEV821,18.57753,73.890507,"2026-09-18 16:11:44"
DEV840,18.628218,73.881244,"2026-09-18 16:19:59"
DEV839,18.464104,73.85582,"2026-09-18 13:22:37"
DEV838,18.566478,73.872026,"2026-09-18 11:09:32"
DEV837,18.587399,73.854912,"2026-09-18 15:33:01"
DEV836,18.497061,73.848228,"2026-09-18 18:44:47"
DEV835,18.505107,73.775658,"2026-09-18 19:51:08"
DEV834,18.587872,73.750453,"2026-09-18 22:02:07"
DEV833,18.591893,73.893513,"2026-09-18 13:48:37"
DEV832,18.478897,73.818824,"2026-09-18 10:52:52"
DEV831,18.530664,73.781038,"2026-09-18 15:37:19"
DEV850,18.522885,73.774825,"2026-09-18 14:57:54"
DEV849,18.502883,73.898001,"2026-09-18 21:24:54"
DEV848,18.512766,73.919769,"2026-09-18 11:08:47"
DEV847,18.643436,73.935533,"2026-09-18 18:31:30"
DEV846,18.63018,73.808834,"2026-09-18 19:03:30"
DEV845,18.64165,73.847359,"2026-09-18 15:30:24"
DEV844,18.517148,73.750205,"2026-09-18 22:57:52"
DEV843,18.647298,73.937742,"2026-09-18 18:28:45"
DEV842,18.620846,73.763785,"2026-09-18 19:17:35"
DEV841,18.590597,73.783812,"2026-09-18 18:31:04"
DEV860,18.484915,73.882766,"2026-09-18 19:31:19"
DEV859,18.647124,73.858368,"2026-09-18 18:47:22"
DEV858,18.477223,73.83472,"2026-09-18 18:03:51"
DEV857,18.5055,73.801703,"2026-09-18 13:49:17"
DEV856,18.554976,73.798828,"2026-09-18 16:58:59"
DEV855,18.549585,73.860283,"2026-09-18 10:28:34"
DEV854,18.582459,73.854309,"2026-09-18 16:33:14"
DEV853,18.557906,73.917032,"2026-09-18 15:28:21"
DEV852,18.506117,73.896257,"2026-09-18 19:50:58"
DEV851,18.625902,73.940704,"2026-09-18 08:11:39"
DEV870,18.606967,73.857388,"2026-09-18 11:36:47"
DEV869,18.458024,73.792006,"2026-09-18 21:48:23"
DEV868,18.453779,73.811017,"2026-09-18 13:58:06"
DEV867,18.535682,73.89717,"2026-09-18 12:41:54"
DEV866,18.60252,73.876181,"2026-09-18 20:44:03"
DEV865,18.538181,73.870872,"2026-09-18 17:53:03"
DEV864,18.586458,73.812846,"2026-09-18 14:54:46"
DEV863,18.585752,73.914185,"2026-09-18 07:09:43"
DEV862,18.625799,73.787984,"2026-09-18 11:18:51"
DEV861,18.648651,73.755692,"2026-09-18 08:45:46"
DEV880,18.595457,73.779766,"2026-09-18 15:33:32"
DEV879,18.522993,73.777592,"2026-09-18 16:06:47"
DEV878,18.562123,73.753674,"2026-09-18 12:58:13"
DEV877,18.648995,73.898963,"2026-09-18 18:33:55"
DEV876,18.542261,73.767818,"2026-09-18 07:02:44"
DEV875,18.458063,73.753407,"2026-09-18 22:23:30"
DEV874,18.604004,73.941485,"2026-09-18 14:06:36"
DEV873,18.552613,73.776822,"2026-09-18 08:13:59"
DEV872,18.500893,73.925652,"2026-09-18 16:40:27"
DEV871,18.550941,73.877967,"2026-09-18 17:38:45"
DEV890,18.551154,73.844737,"2026-09-18 20:28:08"
DEV889,18.616906,73.87386,"2026-09-18 16:04:45"
DEV888,18.471321,73.900867,"2026-09-18 13:40:53"
DEV887,18.649258,73.875172,"2026-09-18 08:23:15"
DEV886,18.614925,73.890362,"2026-09-18 06:35:52"
DEV885,18.464079,73.799296,"2026-09-18 06:21:38"
DEV884,18.523334,73.903938,"2026-09-18 18:43:24"
DEV883,18.536623,73.934053,"2026-09-18 11:08:01"
DEV882,18.59982,73.917914,"2026-09-18 22:09:32"
DEV881,18.496798,73.813666,"2026-09-18 21:07:28"
DEV900,18.54868,73.909592,"2026-09-18 14:39:47"
DEV899,18.480829,73.798383,"2026-09-18 18:42:04"
DEV898,18.45199,73.911668,"2026-09-18 06:12:04"
DEV897,18.576837,73.777081,"2026-09-18 19:09:57"
DEV896,18.543232,73.751476,"2026-09-18 16:51:11"
DEV895,18.483992,73.936909,"2026-09-18 08:46:05"
DEV894,18.452112,73.862856,"2026-09-18 19:25:30"
DEV893,18.501146,73.931902,"2026-09-18 19:15:58"
DEV892,18.484654,73.855055,"2026-09-18 07:48:41"
DEV891,18.641399,73.843058,"2026-09-18 13:44:34"
DEV710,18.626293,73.758183,"2026-09-18 15:31:22"
DEV709,18.585628,73.892035,"2026-09-18 14:46:46"
DEV708,18.540342,73.891841,"2026-09-18 09:14:43"
DEV707,18.615385,73.862378,"2026-09-18 11:35:14"
DEV706,18.64154,73.910498,"2026-09-18 08:22:07"
DEV705,18.507849,73.755639,"2026-09-18 10:38:42"
DEV704,18.506322,73.867666,"2026-09-18 07:38:45"
DEV703,18.593827,73.811042,"2026-09-18 12:16:00"
DEV702,18.635507,73.856358,"2026-09-18 20:53:51"
DEV701,18.607258,73.810493,"2026-09-18 08:36:30"
DEV720,18.621966,73.917764,"2026-09-18 16:26:54"
DEV719,18.56132,73.937832,"2026-09-18 06:26:31"
DEV718,18.512508,73.846935,"2026-09-18 14:15:29"
DEV717,18.644965,73.833364,"2026-09-18 08:42:49"
DEV716,18.559537,73.801905,"2026-09-18 17:07:39"
DEV715,18.548853,73.851524,"2026-09-18 06:56:24"
DEV714,18.600731,73.870475,"2026-09-18 18:45:55"
DEV713,18.639483,73.846871,"2026-09-18 15:51:06"
DEV712,18.538905,73.846816,"2026-09-18 07:28:33"
DEV711,18.646379,73.879799,"2026-09-18 11:05:15"
DEV730,18.559882,73.919845,"2026-09-18 16:09:50"
DEV729,18.538356,73.833044,"2026-09-18 18:45:46"
DEV728,18.551635,73.807715,"2026-09-18 21:36:43"
DEV727,18.595207,73.925024,"2026-09-18 09:21:26"
DEV726,18.522423,73.793617,"2026-09-18 06:04:09"
DEV725,18.523227,73.913687,"2026-09-18 22:53:38"
DEV724,18.552713,73.867301,"2026-09-18 12:39:40"
DEV723,18.489935,73.91457,"2026-09-18 14:45:31"
DEV722,18.471518,73.948452,"2026-09-18 16:51:18"
DEV721,18.493182,73.782785,"2026-09-18 08:55:20"
DEV740,18.52355,73.814608,"2026-09-18 14:42:10"
DEV739,18.56812,73.833433,"2026-09-18 11:20:18"
DEV738,18.513725,73.880213,"2026-09-18 11:05:25"
DEV737,18.558801,73.914343,"2026-09-18 14:06:05"
DEV736,18.633528,73.781707,"2026-09-18 06:40:32"
DEV735,18.594631,73.849304,"2026-09-18 11:19:23"
DEV734,18.465218,73.838212,"2026-09-18 22:36:34"
DEV733,18.562402,73.925789,"2026-09-18 18:02:51"
DEV732,18.631312,73.831353,"2026-09-18 11:20:25"
DEV731,18.520079,73.911913,"2026-09-18 22:56:34"
DEV750,18.560898,73.906507,"2026-09-18 10:14:12"
DEV749,18.629696,73.898948,"2026-09-18 06:28:49"
DEV748,18.631415,73.840118,"2026-09-18 15:02:22"
DEV747,18.511386,73.937887,"2026-09-18 19:11:54"
DEV746,18.462713,73.947743,"2026-09-18 18:47:56"
DEV745,18.609648,73.896513,"2026-09-18 10:33:27"
DEV744,18.478563,73.931953,"2026-09-18 08:02:46"
DEV743,18.624517,73.750359,"2026-09-18 12:39:02"
DEV742,18.64014,73.865969,"2026-09-18 06:48:04"
DEV741,18.549221,73.817827,"2026-09-18 09:31:31"
DEV760,18.45389,73.845027,"2026-09-18 11:23:40"
DEV759,18.482241,73.920811,"2026-09-18 19:22:24"
DEV758,18.524239,73.849193,"2026-09-18 12:13:32"
DEV757,18.518645,73.873493,"2026-09-18 06:58:47"
DEV756,18.537158,73.75121,"2026-09-18 18:17:19"
DEV755,18.569239,73.912473,"2026-09-18 10:38:43"
DEV754,18.635834,73.915218,"2026-09-18 11:49:47"
DEV753,18.497286,73.780665,"2026-09-18 06:58:29"
DEV752,18.615343,73.942312,"2026-09-18 11:34:13"
DEV751,18.600726,73.907034,"2026-09-18 17:18:14"
DEV770,18.643846,73.92026,"2026-09-18 11:55:47"
DEV769,18.48803,73.930864,"2026-09-18 22:10:09"
DEV768,18.458552,73.822075,"2026-09-18 17:27:03"
DEV767,18.507365,73.832673,"2026-09-18 09:30:28"
DEV766,18.608329,73.817837,"2026-09-18 11:27:24"
DEV765,18.567482,73.944812,"2026-09-18 07:50:14"
DEV764,18.57364,73.903353,"2026-09-18 22:38:49"
DEV763,18.569176,73.75834,"2026-09-18 13:09:16"
DEV762,18.645839,73.876678,"2026-09-18 09:53:57"
DEV761,18.499341,73.859079,"2026-09-18 22:46:36"
DEV780,18.509632,73.85604,"2026-09-18 18:51:38"
DEV779,18.488386,73.888027,"2026-09-18 20:52:22"
DEV778,18.5108,73.92907,"2026-09-18 15:36:03"
DEV777,18.477552,73.948903,"2026-09-18 15:30:28"
DEV776,18.612574,73.827302,"2026-09-18 14:23:49"
DEV775,18.512036,73.763816,"2026-09-18 13:03:08"
DEV774,18.623398,73.768083,"2026-09-18 20:28:07"
DEV773,18.646859,73.823631,"2026-09-18 21:05:39"
DEV772,18.517,73.752265,"2026-09-18 06:52:39"
DEV771,18.494825,73.943151,"2026-09-18 08:39:32"
DEV790,18.626954,73.940926,"2026-09-18 08:01:13"
DEV789,18.596064,73.809015,"2026-09-18 10:50:05"
DEV788,18.557361,73.916162,"2026-09-18 15:14:29"
DEV787,18.495143,73.849536,"2026-09-18 19:47:29"
DEV786,18.562658,73.82653,"2026-09-18 09:47:51"
DEV785,18.643796,73.784948,"2026-09-18 22:26:05"
DEV784,18.511917,73.879529,"2026-09-18 11:15:39"
DEV783,18.570878,73.768709,"2026-09-18 17:07:39"
DEV782,18.648444,73.949477,"2026-09-18 06:10:28"
DEV781,18.461838,73.803027,"2026-09-18 08:31:04"
DEV800,18.639032,73.806294,"2026-09-18 15:43:17"
DEV799,18.452973,73.821753,"2026-09-18 18:44:12"
DEV798,18.583961,73.770275,"2026-09-18 14:27:23"
DEV797,18.486622,73.834644,"2026-09-18 15:38:05"
DEV796,18.562828,73.774084,"2026-09-18 21:27:52"
DEV795,18.487426,73.791324,"2026-09-18 14:01:08"
DEV794,18.59774,73.805674,"2026-09-18 08:59:15"
DEV793,18.458725,73.888177,"2026-09-18 11:30:00"
DEV792,18.559012,73.900935,"2026-09-18 08:20:58"
DEV791,18.535397,73.894064,"2026-09-18 11:27:03"
DEV610,18.538454,73.799882,"2026-09-18 21:38:39"
DEV609,18.620602,73.850861,"2026-09-18 22:21:45"
DEV608,18.509917,73.872084,"2026-09-18 08:36:24"
DEV607,18.637088,73.793436,"2026-09-18 10:45:10"
DEV606,18.599272,73.928613,"2026-09-18 09:50:45"
DEV605,18.540395,73.866233,"2026-09-18 15:20:54"
DEV604,18.451217,73.826133,"2026-09-18 21:02:46"
DEV603,18.50668,73.902352,"2026-09-18 22:17:45"
DEV602,18.551539,73.882541,"2026-09-18 19:26:13"
DEV601,18.642802,73.839757,"2026-09-18 11:58:55"
DEV620,18.532611,73.751924,"2026-09-18 19:45:08"
DEV619,18.453181,73.880532,"2026-09-18 09:39:54"
DEV618,18.473998,73.940632,"2026-09-18 12:53:56"
DEV617,18.483929,73.876151,"2026-09-18 16:57:43"
DEV616,18.516381,73.895006,"2026-09-18 16:42:01"
DEV615,18.64442,73.944435,"2026-09-18 22:03:27"
DEV614,18.611267,73.789593,"2026-09-18 15:42:13"
DEV613,18.502038,73.867698,"2026-09-18 08:45:07"
DEV612,18.458798,73.896853,"2026-09-18 15:10:08"
DEV611,18.548795,73.920361,"2026-09-18 19:12:39"
DEV630,18.516026,73.813864,"2026-09-18 16:18:19"
DEV629,18.464614,73.859348,"2026-09-18 14:44:45"
DEV628,18.636434,73.773482,"2026-09-18 19:26:21"
DEV627,18.570104,73.876189,"2026-09-18 12:00:14"
DEV626,18.624605,73.811122,"2026-09-18 21:27:09"
DEV625,18.575611,73.83267,"2026-09-18 09:06:13"
DEV624,18.584563,73.91327,"2026-09-18 07:04:34"
DEV623,18.623505,73.779536,"2026-09-18 08:18:32"
DEV622,18.497221,73.904605,"2026-09-18 08:39:57"
DEV621,18.543004,73.920929,"2026-09-18 20:55:43"
DEV640,18.61537,73.849958,"2026-09-18 06:18:46"
DEV639,18.568528,73.931599,"2026-09-18 18:57:16"
DEV638,18.467246,73.779006,"2026-09-18 13:55:47"
DEV637,18.629438,73.767318,"2026-09-18 18:36:12"
DEV636,18.539429,73.752314,"2026-09-18 18:10:44"
DEV635,18.559476,73.867529,"2026-09-18 11:02:00"
DEV634,18.593502,73.889854,"2026-09-18 11:50:42"
DEV633,18.574273,73.765065,"2026-09-18 14:42:46"
DEV632,18.51733,73.779133,"2026-09-18 18:12:44"
DEV631,18.480981,73.873879,"2026-09-18 16:44:54"
DEV650,18.510621,73.873752,"2026-09-18 09:08:09"
DEV649,18.463217,73.905403,"2026-09-18 17:40:33"
DEV648,18.47061,73.840956,"2026-09-18 22:24:03"
DEV647,18.541899,73.830634,"2026-09-18 16:50:06"
DEV646,18.645458,73.944875,"2026-09-18 21:58:47"
DEV645,18.605372,73.762863,"2026-09-18 22:50:48"
DEV644,18.602397,73.917394,"2026-09-18 21:16:52"
DEV643,18.646716,73.79424,"2026-09-18 08:38:21"
DEV642,18.472535,73.769522,"2026-09-18 08:33:01"
DEV641,18.541457,73.917271,"2026-09-18 19:46:06"
DEV660,18.558101,73.804559,"2026-09-18 18:37:18"
DEV659,18.628781,73.798429,"2026-09-18 14:59:35"
DEV658,18.633718,73.751189,"2026-09-18 10:39:25"
DEV657,18.52038,73.937531,"2026-09-18 16:45:13"
DEV656,18.519983,73.92037,"2026-09-18 09:33:41"
DEV655,18.548385,73.91623,"2026-09-18 17:33:33"
DEV654,18.631276,73.848402,"2026-09-18 18:35:43"
DEV653,18.495696,73.933941,"2026-09-18 21:31:19"
DEV652,18.611249,73.808403,"2026-09-18 06:42:10"
DEV651,18.516133,73.85586,"2026-09-18 17:07:34"
DEV670,18.586914,73.841874,"2026-09-18 10:08:00"
DEV669,18.617525,73.841738,"2026-09-18 19:16:11"
DEV668,18.55536,73.808454,"2026-09-18 20:58:34"
DEV667,18.555592,73.949386,"2026-09-18 12:48:47"
DEV666,18.452622,73.922642,"2026-09-18 10:42:15"
DEV665,18.608798,73.777957,"2026-09-18 11:23:16"
DEV664,18.483071,73.92519,"2026-09-18 21:01:21"
DEV663,18.60812,73.810386,"2026-09-18 08:20:36"
DEV662,18.606694,73.85076,"2026-09-18 08:51:57"
DEV661,18.516305,73.780375,"2026-09-18 19:00:05"
DEV680,18.52367,73.859471,"2026-09-18 16:44:22"
DEV679,18.553329,73.887597,"2026-09-18 21:07:47"
DEV678,18.527201,73.802011,"2026-09-18 08:25:06"
DEV677,18.636231,73.795796,"2026-09-18 11:58:27"
DEV676,18.464043,73.809355,"2026-09-18 10:38:42"
DEV675,18.545179,73.861946,"2026-09-18 12:18:23"
DEV674,18.485131,73.903075,"2026-09-18 11:05:54"
DEV673,18.490681,73.773462,"2026-09-18 22:35:51"
DEV672,18.55595,73.893947,"2026-09-18 06:09:36"
DEV671,18.627585,73.83227,"2026-09-18 12:40:50"
DEV690,18.596165,73.845039,"2026-09-18 09:07:10"
DEV689,18.548388,73.931836,"2026-09-18 07:11:29"
DEV688,18.574575,73.930826,"2026-09-18 17:05:03"
DEV687,18.559537,73.906475,"2026-09-18 10:34:12"
DEV686,18.649408,73.785738,"2026-09-18 21:20:22"
DEV685,18.645121,73.784204,"2026-09-18 21:46:50"
DEV684,18.475666,73.921366,"2026-09-18 21:17:07"
DEV683,18.635052,73.935771,"2026-09-18 20:45:52"
DEV682,18.561186,73.784831,"2026-09-18 09:27:02"
DEV681,18.548489,73.920654,"2026-09-18 19:24:47"
DEV700,18.527056,73.861871,"2026-09-18 16:53:44"
DEV699,18.55531,73.891998,"2026-09-18 22:29:42"
DEV698,18.594303,73.889337,"2026-09-18 11:25:15"
DEV697,18.550865,73.863001,"2026-09-18 11:18:16"
DEV696,18.623039,73.827972,"2026-09-18 12:00:46"
DEV695,18.569786,73.936711,"2026-09-18 20:48:24"
DEV694,18.560848,73.781652,"2026-09-18 08:11:08"
DEV693,18.48362,73.840955,"2026-09-18 19:04:58"
DEV692,18.546712,73.771813,"2026-09-18 07:36:32"
DEV691,18.479211,73.839263,"2026-09-18 19:29:16"
DEV510,18.57562,73.902056,"2026-09-18 21:35:26"
DEV509,18.510933,73.904404,"2026-09-18 22:05:01"
DEV508,18.532886,73.796772,"2026-09-18 21:44:32"
DEV507,18.635699,73.922886,"2026-09-18 15:07:23"
DEV506,18.468007,73.918036,"2026-09-18 21:49:24"
DEV505,18.476682,73.924937,"2026-09-18 22:32:39"
DEV504,18.498388,73.808021,"2026-09-18 18:19:12"
DEV503,18.600647,73.868407,"2026-09-18 17:54:28"
DEV502,18.595247,73.855955,"2026-09-18 13:59:34"
DEV501,18.602307,73.82943,"2026-09-18 17:55:10"
DEV520,18.512857,73.843596,"2026-09-18 12:44:59"
DEV519,18.566256,73.893055,"2026-09-18 20:09:10"
DEV518,18.453362,73.867294,"2026-09-18 20:59:33"
DEV517,18.580032,73.87101,"2026-09-18 07:16:16"
DEV516,18.561755,73.863902,"2026-09-18 08:54:39"
DEV515,18.479524,73.794884,"2026-09-18 17:32:48"
DEV514,18.594572,73.865326,"2026-09-18 18:08:51"
DEV513,18.618596,73.764235,"2026-09-18 20:03:28"
DEV512,18.634232,73.774997,"2026-09-18 20:38:40"
DEV511,18.636462,73.765438,"2026-09-18 16:00:48"
DEV530,18.592708,73.910128,"2026-09-18 20:39:49"
DEV529,18.632185,73.943383,"2026-09-18 07:43:50"
DEV528,18.571661,73.897216,"2026-09-18 20:32:36"
DEV527,18.463851,73.905957,"2026-09-18 17:44:58"
DEV526,18.473286,73.851736,"2026-09-18 09:17:59"
DEV525,18.538903,73.87805,"2026-09-18 20:45:03"
DEV524,18.533549,73.847124,"2026-09-18 08:58:22"
DEV523,18.5335,73.862576,"2026-09-18 15:33:07"
DEV522,18.474166,73.933696,"2026-09-18 09:54:29"
DEV521,18.528814,73.806128,"2026-09-18 09:45:24"
DEV540,18.502609,73.880448,"2026-09-18 14:01:30"
DEV539,18.530726,73.870386,"2026-09-18 19:34:45"
DEV538,18.487616,73.858814,"2026-09-18 08:39:13"
DEV537,18.479668,73.804672,"2026-09-18 21:40:14"
DEV536,18.607781,73.785825,"2026-09-18 14:59:29"
DEV535,18.471443,73.939862,"2026-09-18 13:13:24"
DEV534,18.505331,73.771705,"2026-09-18 18:06:54"
DEV533,18.497543,73.76012,"2026-09-18 15:10:39"
DEV532,18.559496,73.773565,"2026-09-18 22:05:37"
DEV531,18.525996,73.761965,"2026-09-18 08:42:22"
DEV550,18.573296,73.870963,"2026-09-18 08:58:08"
DEV549,18.461758,73.904002,"2026-09-18 17:27:09"
DEV548,18.461679,73.804185,"2026-09-18 09:03:01"
DEV547,18.466886,73.926766,"2026-09-18 08:49:10"
DEV546,18.485563,73.828298,"2026-09-18 13:12:29"
DEV545,18.639114,73.841167,"2026-09-18 13:31:17"
DEV544,18.618949,73.929278,"2026-09-18 22:06:39"
DEV543,18.459865,73.830706,"2026-09-18 20:47:04"
DEV542,18.477562,73.766,"2026-09-18 22:46:18"
DEV541,18.58857,73.850908,"2026-09-18 13:33:02"
DEV560,18.591436,73.790682,"2026-09-18 21:13:24"
DEV559,18.623461,73.880001,"2026-09-18 17:01:04"
DEV558,18.508116,73.851706,"2026-09-18 17:24:20"
DEV557,18.615798,73.776442,"2026-09-18 08:57:32"
DEV556,18.544743,73.919275,"2026-09-18 19:46:56"
DEV555,18.552909,73.778103,"2026-09-18 08:42:06"
DEV554,18.524628,73.827779,"2026-09-18 20:01:32"
DEV553,18.641712,73.813531,"2026-09-18 18:06:50"
DEV552,18.572001,73.932447,"2026-09-18 18:25:47"
DEV551,18.633823,73.830417,"2026-09-18 10:18:08"
DEV570,18.46183,73.857301,"2026-09-18 14:35:10"
DEV569,18.633169,73.762801,"2026-09-18 15:43:57"
DEV568,18.584097,73.876985,"2026-09-18 08:46:26"
DEV567,18.632216,73.763175,"2026-09-18 16:08:04"
DEV566,18.606619,73.77541,"2026-09-18 10:51:40"
DEV565,18.459721,73.827035,"2026-09-18 19:15:40"
DEV564,18.598963,73.826775,"2026-09-18 17:38:36"
DEV563,18.504592,73.81201,"2026-09-18 18:25:59"
DEV562,18.59534,73.837878,"2026-09-18 06:17:10"
DEV561,18.60321,73.905943,"2026-09-18 16:12:25"
DEV580,18.582593,73.852711,"2026-09-18 15:50:27"
DEV579,18.520748,73.756413,"2026-09-18 07:41:04"
DEV578,18.529859,73.889837,"2026-09-18 11:04:00"
DEV577,18.528533,73.763837,"2026-09-18 08:51:17"
DEV576,18.576424,73.88136,"2026-09-18 12:35:23"
DEV575,18.643553,73.885185,"2026-09-18 14:05:51"
DEV574,18.520775,73.818079,"2026-09-18 16:53:08"
DEV573,18.486103,73.946311,"2026-09-18 12:13:33"
DEV572,18.627307,73.816791,"2026-09-18 06:10:22"
DEV571,18.459795,73.792872,"2026-09-18 21:43:22"
DEV590,18.646266,73.776401,"2026-09-18 18:10:21"
DEV589,18.486831,73.904533,"2026-09-18 11:17:04"
DEV588,18.497264,73.7998,"2026-09-18 15:06:46"
DEV587,18.636656,73.761647,"2026-09-18 14:21:09"
DEV586,18.506387,73.93714,"2026-09-18 20:09:20"
DEV585,18.521271,73.806739,"2026-09-18 11:56:24"
DEV584,18.629202,73.836359,"2026-09-18 14:00:22"
DEV583,18.461873,73.926794,"2026-09-18 10:06:35"
DEV582,18.561379,73.761838,"2026-09-18 16:37:45"
DEV581,18.639747,73.923579,"2026-09-18 14:23:08"
DEV600,18.622539,73.91673,"2026-09-18 15:51:45"
DEV599,18.529968,73.801745,"2026-09-18 07:35:59"
DEV598,18.588873,73.787899,"2026-09-18 20:41:40"
DEV597,18.600692,73.784827,"2026-09-18 16:22:30"
DEV596,18.555819,73.912913,"2026-09-18 14:15:14"
DEV595,18.646799,73.842673,"2026-09-18 12:12:08"
DEV594,18.536818,73.76519,"2026-09-18 07:19:01"
DEV593,18.481906,73.863043,"2026-09-18 11:54:25"
DEV592,18.458353,73.783278,"2026-09-18 18:00:46"
DEV591,18.456813,73.760078,"2026-09-18 08:32:44"
DEV410,18.569517,73.857734,"2026-09-18 21:18:36"
DEV409,18.627394,73.896612,"2026-09-18 06:04:29"
DEV408,18.61456,73.770162,"2026-09-18 06:36:21"
DEV407,18.625156,73.804397,"2026-09-18 18:27:14"
DEV406,18.619395,73.757423,"2026-09-18 16:57:32"
DEV405,18.472386,73.875137,"2026-09-18 19:28:29"
DEV404,18.467225,73.760544,"2026-09-18 06:05:19"
DEV403,18.623584,73.814792,"2026-09-18 06:16:21"
DEV402,18.471656,73.848659,"2026-09-18 08:24:29"
DEV401,18.495673,73.893376,"2026-09-18 21:17:17"
DEV420,18.519172,73.756282,"2026-09-18 08:01:50"
DEV419,18.550612,73.781385,"2026-09-18 10:40:56"
DEV418,18.631286,73.891168,"2026-09-18 19:46:06"
DEV417,18.6364,73.796057,"2026-09-18 12:02:31"
DEV416,18.467248,73.822987,"2026-09-18 15:37:17"
DEV415,18.597011,73.945472,"2026-09-18 17:35:16"
DEV414,18.545219,73.817114,"2026-09-18 10:14:33"
DEV413,18.498225,73.841384,"2026-09-18 15:32:26"
DEV412,18.537066,73.848601,"2026-09-18 08:42:12"
DEV411,18.513223,73.770699,"2026-09-18 15:40:30"
DEV430,18.557034,73.943693,"2026-09-18 10:01:32"
DEV429,18.505734,73.886581,"2026-09-18 15:50:04"
DEV428,18.618768,73.846732,"2026-09-18 21:04:31"
DEV427,18.646596,73.800906,"2026-09-18 11:30:11"
DEV426,18.620993,73.810736,"2026-09-18 22:12:34"
DEV425,18.621304,73.834413,"2026-09-18 15:11:34"
DEV424,18.537522,73.863152,"2026-09-18 14:46:18"
DEV423,18.626528,73.923048,"2026-09-18 17:31:51"
DEV422,18.609145,73.938753,"2026-09-18 11:38:16"
DEV421,18.615385,73.77794,"2026-09-18 09:42:05"
DEV440,18.583908,73.888901,"2026-09-18 13:53:11"
DEV439,18.497212,73.907709,"2026-09-18 09:59:14"
DEV438,18.611417,73.81636,"2026-09-18 10:02:29"
DEV437,18.488658,73.800648,"2026-09-18 17:40:03"
DEV436,18.584386,73.810132,"2026-09-18 14:17:15"
DEV435,18.557108,73.793037,"2026-09-18 13:58:42"
DEV434,18.590207,73.769445,"2026-09-18 12:30:40"
DEV433,18.574675,73.943567,"2026-09-18 22:28:26"
DEV432,18.638363,73.910376,"2026-09-18 09:07:38"
DEV431,18.552836,73.753799,"2026-09-18 15:23:28"
DEV450,18.591038,73.923731,"2026-09-18 09:52:14"
DEV449,18.556499,73.945879,"2026-09-18 11:05:29"
DEV448,18.561859,73.929598,"2026-09-18 19:48:17"
DEV447,18.52326,73.829068,"2026-09-18 20:55:20"
DEV446,18.490591,73.826277,"2026-09-18 11:04:01"
DEV445,18.519237,73.917344,"2026-09-18 08:27:57"
DEV444,18.493018,73.878062,"2026-09-18 15:27:23"
DEV443,18.622077,73.876627,"2026-09-18 15:56:13"
DEV442,18.454651,73.822536,"2026-09-18 18:38:30"
DEV441,18.576029,73.933963,"2026-09-18 18:02:48"
DEV460,18.606742,73.908532,"2026-09-18 16:24:24"
DEV459,18.586567,73.865537,"2026-09-18 20:16:43"
DEV458,18.543313,73.912609,"2026-09-18 17:18:50"
DEV457,18.627712,73.839235,"2026-09-18 15:36:29"
DEV456,18.547488,73.898323,"2026-09-18 10:10:41"
DEV455,18.4508,73.80654,"2026-09-18 12:49:30"
DEV454,18.481864,73.868432,"2026-09-18 14:12:29"
DEV453,18.577536,73.897982,"2026-09-18 19:22:14"
DEV452,18.592561,73.790901,"2026-09-18 21:01:47"
DEV451,18.61141,73.82658,"2026-09-18 14:23:13"
DEV470,18.513624,73.7721,"2026-09-18 16:10:06"
DEV469,18.58185,73.850357,"2026-09-18 15:01:48"
DEV468,18.480117,73.781872,"2026-09-18 11:51:57"
DEV467,18.499434,73.790139,"2026-09-18 10:27:11"
DEV466,18.591542,73.900537,"2026-09-18 16:53:06"
DEV465,18.638683,73.909238,"2026-09-18 08:33:42"
DEV464,18.522983,73.8245,"2026-09-18 19:03:05"
DEV463,18.594241,73.810561,"2026-09-18 11:57:25"
DEV462,18.618735,73.783425,"2026-09-18 11:10:41"
DEV461,18.454329,73.78888,"2026-09-18 21:25:13"
DEV480,18.640437,73.757938,"2026-09-18 11:48:43"
DEV479,18.568077,73.935253,"2026-09-18 20:37:21"
DEV478,18.554403,73.755917,"2026-09-18 15:53:31"
DEV477,18.614134,73.821537,"2026-09-18 11:32:56"
DEV476,18.561808,73.913187,"2026-09-18 12:50:37"
DEV475,18.563004,73.873483,"2026-09-18 12:39:50"
DEV474,18.471552,73.822559,"2026-09-18 14:20:30"
DEV473,18.52302,73.82068,"2026-09-18 17:25:08"
DEV472,18.509671,73.845328,"2026-09-18 14:17:53"
DEV471,18.452142,73.867835,"2026-09-18 21:32:00"
DEV490,18.610237,73.802939,"2026-09-18 21:38:19"
DEV489,18.611109,73.803587,"2026-09-18 21:41:30"
DEV488,18.612291,73.807621,"2026-09-18 06:06:17"
DEV487,18.483312,73.912856,"2026-09-18 15:43:08"
DEV486,18.533141,73.822679,"2026-09-18 15:41:15"
DEV485,18.601831,73.767233,"2026-09-18 08:36:25"
DEV484,18.551655,73.766265,"2026-09-18 20:59:26"
DEV483,18.483004,73.785939,"2026-09-18 12:51:28"
DEV482,18.545597,73.785936,"2026-09-18 13:53:44"
DEV481,18.606638,73.854522,"2026-09-18 10:28:44"
DEV500,18.599911,73.941468,"2026-09-18 15:08:48"
DEV499,18.613638,73.845363,"2026-09-18 21:48:05"
DEV498,18.493413,73.809365,"2026-09-18 20:09:35"
DEV497,18.50483,73.924397,"2026-09-18 15:08:13"
DEV496,18.464282,73.898926,"2026-09-18 14:39:05"
DEV495,18.512132,73.755316,"2026-09-18 09:24:56"
DEV494,18.634974,73.754318,"2026-09-18 11:39:59"
DEV493,18.570378,73.751892,"2026-09-18 10:06:27"
DEV492,18.485953,73.784785,"2026-09-18 11:36:57"
DEV491,18.475989,73.88174,"2026-09-18 21:21:43"
DEV310,18.558432,73.94997,"2026-09-18 12:20:12"
DEV309,18.62285,73.790596,"2026-09-18 13:10:34"
DEV308,18.55035,73.798469,"2026-09-18 18:00:35"
DEV307,18.611063,73.931431,"2026-09-18 08:02:14"
DEV306,18.62555,73.755843,"2026-09-18 14:43:05"
DEV305,18.545307,73.918831,"2026-09-18 19:26:59"
DEV304,18.534682,73.898704,"2026-09-18 13:36:19"
DEV303,18.451264,73.887895,"2026-09-18 13:16:58"
DEV302,18.464722,73.766568,"2026-09-18 09:17:13"
DEV301,18.593656,73.752264,"2026-09-18 21:19:47"
DEV320,18.544969,73.883787,"2026-09-18 21:38:32"
DEV319,18.568785,73.791837,"2026-09-18 10:29:26"
DEV318,18.588643,73.884722,"2026-09-18 10:54:10"
DEV317,18.53424,73.798158,"2026-09-18 21:59:08"
DEV316,18.645867,73.765132,"2026-09-18 13:29:06"
DEV315,18.644902,73.86033,"2026-09-18 20:11:25"
DEV314,18.55374,73.76786,"2026-09-18 21:08:12"
DEV313,18.48682,73.799859,"2026-09-18 17:48:04"
DEV312,18.594606,73.856519,"2026-09-18 14:23:45"
DEV311,18.624323,73.925288,"2026-09-18 19:02:42"
DEV330,18.491492,73.897047,"2026-09-18 06:54:52"
DEV329,18.462658,73.781011,"2026-09-18 15:57:06"
DEV328,18.542365,73.860587,"2026-09-18 12:26:47"
DEV327,18.497443,73.759691,"2026-09-18 15:01:14"
DEV326,18.551562,73.939429,"2026-09-18 09:36:31"
DEV325,18.494001,73.842632,"2026-09-18 17:08:54"
DEV324,18.6279,73.846021,"2026-09-18 18:26:39"
DEV323,18.493959,73.930582,"2026-09-18 20:32:16"
DEV322,18.563428,73.804035,"2026-09-18 17:02:26"
DEV321,18.537346,73.79706,"2026-09-18 20:43:38"
DEV340,18.575135,73.855884,"2026-09-18 19:05:28"
DEV339,18.502428,73.750091,"2026-09-18 09:40:10"
DEV338,18.465583,73.8984,"2026-09-18 14:05:46"
DEV337,18.481052,73.819509,"2026-09-18 10:37:23"
DEV336,18.513424,73.90395,"2026-09-18 21:15:19"
DEV335,18.485531,73.789228,"2026-09-18 13:36:40"
DEV334,18.580039,73.931563,"2026-09-18 16:00:15"
DEV333,18.493794,73.815883,"2026-09-18 22:49:57"
DEV332,18.642499,73.918409,"2026-09-18 11:29:11"
DEV331,18.467504,73.84388,"2026-09-18 07:26:08"
DEV350,18.452806,73.913362,"2026-09-18 06:42:47"
DEV349,18.601866,73.884161,"2026-09-18 07:17:33"
DEV348,18.523547,73.872116,"2026-09-18 22:08:41"
DEV347,18.633344,73.896905,"2026-09-18 21:40:55"
DEV346,18.531754,73.805288,"2026-09-18 08:39:00"
DEV345,18.640028,73.806604,"2026-09-18 15:35:58"
DEV344,18.644866,73.785522,"2026-09-18 22:24:21"
DEV343,18.508493,73.863432,"2026-09-18 22:17:34"
DEV342,18.468105,73.865486,"2026-09-18 16:27:53"
DEV341,18.519115,73.926231,"2026-09-18 12:16:25"
DEV360,18.490351,73.930329,"2026-09-18 21:21:01"
DEV359,18.611973,73.818087,"2026-09-18 10:38:02"
DEV358,18.518334,73.928111,"2026-09-18 13:16:19"
DEV357,18.54343,73.760492,"2026-09-18 20:38:03"
DEV356,18.479374,73.780361,"2026-09-18 11:24:46"
DEV355,18.477325,73.89558,"2026-09-18 09:54:12"
DEV354,18.642884,73.776647,"2026-09-18 19:08:22"
DEV353,18.542978,73.751136,"2026-09-18 16:46:24"
DEV352,18.480323,73.921379,"2026-09-18 20:06:12"
DEV351,18.565486,73.829654,"2026-09-18 10:24:15"
DEV370,18.470114,73.895124,"2026-09-18 11:32:54"
DEV369,18.541015,73.809243,"2026-09-18 07:58:09"
DEV368,18.588114,73.771066,"2026-09-18 13:44:02"
DEV367,18.641737,73.835724,"2026-09-18 10:32:22"
DEV366,18.459868,73.839114,"2026-09-18 07:21:26"
DEV365,18.462506,73.764619,"2026-09-18 09:01:27"
DEV364,18.584038,73.913453,"2026-09-18 07:17:15"
DEV363,18.635387,73.83149,"2026-09-18 10:21:33"
DEV362,18.461963,73.855955,"2026-09-18 13:58:48"
DEV361,18.60156,73.826144,"2026-09-18 16:42:48"
DEV380,18.451773,73.780742,"2026-09-18 18:36:47"
DEV379,18.499732,73.753483,"2026-09-18 11:47:56"
DEV378,18.580662,73.798643,"2026-09-18 10:21:15"
DEV377,18.560211,73.947371,"2026-09-18 10:46:43"
DEV376,18.53899,73.82629,"2026-09-18 15:43:50"
DEV375,18.593522,73.924177,"2026-09-18 09:25:36"
DEV374,18.529053,73.824317,"2026-09-18 17:25:33"
DEV373,18.499166,73.792559,"2026-09-18 11:33:01"
DEV372,18.648811,73.948164,"2026-09-18 22:31:22"
DEV371,18.627443,73.854055,"2026-09-18 21:58:30"
DEV390,18.477556,73.923949,"2026-09-18 21:54:05"
DEV389,18.463543,73.85648,"2026-09-18 13:48:01"
DEV388,18.589413,73.771752,"2026-09-18 13:41:39"
DEV387,18.637355,73.815207,"2026-09-18 19:56:15"
DEV386,18.474238,73.779276,"2026-09-18 12:15:41"
DEV385,18.530493,73.931471,"2026-09-18 11:35:58"
DEV384,18.634973,73.877232,"2026-09-18 12:54:20"
DEV383,18.474513,73.828841,"2026-09-18 16:15:23"
DEV382,18.616806,73.822033,"2026-09-18 11:04:42"
DEV381,18.532635,73.783936,"2026-09-18 16:21:03"
DEV400,18.557066,73.920006,"2026-09-18 16:57:03"
DEV399,18.584148,73.83424,"2026-09-18 07:35:39"
DEV398,18.491068,73.899064,"2026-09-18 07:52:48"
DEV397,18.5134,73.800646,"2026-09-18 11:21:26"
DEV396,18.613199,73.776915,"2026-09-18 09:49:23"
DEV395,18.594141,73.935774,"2026-09-18 14:11:52"
DEV394,18.574909,73.885208,"2026-09-18 14:36:41"
DEV393,18.55094,73.750762,"2026-09-18 14:35:02"
DEV392,18.552652,73.7603,"2026-09-18 18:12:04"
DEV391,18.536815,73.753444,"2026-09-18 19:19:33"
DEV210,18.623551,73.947426,"2026-09-18 11:39:01"
DEV209,18.590104,73.851089,"2026-09-18 13:14:11"
DEV208,18.57241,73.906644,"2026-09-18 07:21:33"
DEV207,18.460023,73.752141,"2026-09-18 21:21:14"
DEV206,18.546753,73.891858,"2026-09-18 07:37:04"
DEV205,18.519593,73.840865,"2026-09-18 09:52:17"
DEV204,18.605136,73.78904,"2026-09-18 17:01:56"
DEV203,18.581836,73.819807,"2026-09-18 19:02:59"
DEV202,18.60822,73.880515,"2026-09-18 21:07:22"
DEV201,18.548036,73.906432,"2026-09-18 13:29:04"
DEV220,18.620968,73.940681,"2026-09-18 09:26:32"
DEV219,18.480454,73.780772,"2026-09-18 11:18:44"
DEV218,18.470172,73.863367,"2026-09-18 15:02:13"
DEV217,18.641496,73.788521,"2026-09-18 07:32:23"
DEV216,18.625016,73.770734,"2026-09-18 21:10:58"
DEV215,18.480905,73.768659,"2026-09-18 06:02:58"
DEV214,18.596934,73.882922,"2026-09-18 08:01:26"
DEV213,18.570285,73.879994,"2026-09-18 13:34:29"
DEV212,18.505592,73.760617,"2026-09-18 13:20:10"
DEV211,18.649687,73.889514,"2026-09-18 14:22:23"
DEV230,18.523993,73.824443,"2026-09-18 18:46:12"
DEV229,18.57785,73.938545,"2026-09-18 19:31:46"
DEV228,18.480226,73.823614,"2026-09-18 12:34:42"
DEV227,18.616128,73.948456,"2026-09-18 13:58:52"
DEV226,18.524112,73.838874,"2026-09-18 07:52:21"
DEV225,18.493537,73.901588,"2026-09-18 08:19:23"
DEV224,18.531897,73.877488,"2026-09-18 22:17:54"
DEV223,18.626276,73.856138,"2026-09-18 06:09:29"
DEV222,18.54089,73.798869,"2026-09-18 20:35:32"
DEV221,18.561771,73.793828,"2026-09-18 13:07:31"
DEV240,18.537654,73.936787,"2026-09-18 12:01:57"
DEV239,18.644506,73.909609,"2026-09-18 07:14:05"
DEV238,18.64381,73.875469,"2026-09-18 09:54:09"
DEV237,18.503158,73.878053,"2026-09-18 12:52:01"
DEV236,18.469792,73.806588,"2026-09-18 08:00:11"
DEV235,18.598065,73.819629,"2026-09-18 14:50:08"
DEV234,18.560855,73.79243,"2026-09-18 12:45:53"
DEV233,18.520643,73.864453,"2026-09-18 19:37:43"
DEV232,18.508328,73.760628,"2026-09-18 12:38:35"
DEV231,18.608892,73.909993,"2026-09-18 16:28:46"
DEV250,18.586474,73.862498,"2026-09-18 19:00:38"
DEV249,18.477838,73.829992,"2026-09-18 15:53:52"
DEV248,18.592256,73.911942,"2026-09-18 21:32:59"
DEV247,18.478877,73.945564,"2026-09-18 13:45:04"
DEV246,18.519256,73.822709,"2026-09-18 19:14:28"
DEV245,18.610767,73.886497,"2026-09-18 06:00:56"
DEV244,18.641438,73.906631,"2026-09-18 06:45:05"
DEV243,18.62431,73.79503,"2026-09-18 14:41:18"
DEV242,18.626004,73.923364,"2026-09-18 17:47:55"
DEV241,18.623946,73.803307,"2026-09-18 18:17:57"
DEV260,18.613563,73.933724,"2026-09-18 08:22:27"
DEV259,18.638491,73.808655,"2026-09-18 16:51:47"
DEV258,18.513049,73.881839,"2026-09-18 11:57:13"
DEV257,18.604707,73.913402,"2026-09-18 18:59:43"
DEV256,18.524233,73.862502,"2026-09-18 17:53:02"
DEV255,18.611556,73.938342,"2026-09-18 10:50:54"
DEV254,18.57018,73.779776,"2026-09-18 22:00:32"
DEV253,18.502377,73.846861,"2026-09-18 16:48:35"
DEV252,18.595289,73.894923,"2026-09-18 13:32:36"
DEV251,18.458971,73.928609,"2026-09-18 11:37:16"
DEV270,18.644831,73.92576,"2026-09-18 14:00:58"
DEV269,18.594261,73.788378,"2026-09-18 19:31:27"
DEV268,18.530418,73.874756,"2026-09-18 21:30:53"
DEV267,18.588373,73.894278,"2026-09-18 15:01:59"
DEV266,18.548527,73.923819,"2026-09-18 20:44:54"
DEV265,18.596102,73.759976,"2026-09-18 06:59:01"
DEV264,18.477936,73.854961,"2026-09-18 09:29:05"
DEV263,18.540111,73.87756,"2026-09-18 20:14:04"
DEV262,18.504648,73.920843,"2026-09-18 13:40:22"
DEV261,18.588818,73.773283,"2026-09-18 14:29:47"
DEV280,18.479953,73.799885,"2026-09-18 19:33:47"
DEV279,18.498173,73.91217,"2026-09-18 11:38:16"
DEV278,18.495131,73.776669,"2026-09-18 22:49:34"
DEV277,18.559769,73.904979,"2026-09-18 09:52:29"
DEV276,18.612993,73.828209,"2026-09-18 14:40:31"
DEV275,18.525694,73.822279,"2026-09-18 17:25:00"
DEV274,18.504733,73.82072,"2026-09-18 22:05:57"
DEV273,18.584854,73.856063,"2026-09-18 16:41:20"
DEV272,18.560572,73.925604,"2026-09-18 18:26:09"
DEV271,18.454711,73.934641,"2026-09-18 15:16:15"
DEV290,18.64143,73.779939,"2026-09-18 20:54:34"
DEV289,18.637214,73.759852,"2026-09-18 13:26:51"
DEV288,18.458533,73.929813,"2026-09-18 12:14:40"
DEV287,18.477889,73.869047,"2026-09-18 15:29:00"
DEV286,18.450708,73.81883,"2026-09-18 18:04:20"
DEV285,18.553641,73.842125,"2026-09-18 18:43:29"
DEV284,18.522142,73.8616,"2026-09-18 18:02:01"
DEV283,18.623065,73.790606,"2026-09-18 13:07:33"
DEV282,18.547354,73.785266,"2026-09-18 13:09:45"
DEV281,18.565539,73.874895,"2026-09-18 12:37:03"
DEV300,18.464596,73.789411,"2026-09-18 19:01:39"
DEV299,18.4981,73.930699,"2026-09-18 19:31:54"
DEV298,18.503885,73.941837,"2026-09-18 22:47:23"
DEV297,18.462136,73.81809,"2026-09-18 14:50:36"
DEV296,18.56594,73.817576,"2026-09-18 22:09:17"
DEV295,18.597559,73.917625,"2026-09-18 22:36:47"
DEV294,18.524365,73.935479,"2026-09-18 14:51:56"
DEV293,18.615076,73.862472,"2026-09-18 11:42:21"
DEV292,18.648235,73.939786,"2026-09-18 19:06:32"
DEV291,18.451759,73.896127,"2026-09-18 16:39:19"
DEV110,18.638407,73.915962,"2026-09-18 11:29:24"
DEV109,18.475058,73.881524,"2026-09-18 21:30:28"
DEV108,18.567658,73.790953,"2026-09-18 10:24:07"
DEV107,18.586093,73.875094,"2026-09-18 07:27:40"
DEV106,18.560672,73.851788,"2026-09-18 21:02:18"
DEV105,18.629248,73.915473,"2026-09-18 13:37:03"
DEV104,18.60168,73.839541,"2026-09-18 22:22:35"
DEV103,18.544696,73.845491,"2026-09-18 22:26:10"
DEV102,18.530363,73.771714,"2026-09-18 11:44:08"
DEV101,18.52225,73.908818,"2026-09-18 21:04:25"
DEV120,18.460234,73.869156,"2026-09-18 20:01:53"
DEV119,18.517923,73.794382,"2026-09-18 07:32:31"
DEV118,18.60756,73.883376,"2026-09-18 22:30:24"
DEV117,18.620864,73.821725,"2026-09-18 09:54:46"
DEV116,18.465,73.886895,"2026-09-18 09:21:18"
DEV115,18.636683,73.764995,"2026-09-18 15:46:07"
DEV114,18.579651,73.853472,"2026-09-18 16:54:52"
DEV113,18.581616,73.822859,"2026-09-18 20:24:11"
DEV112,18.478673,73.785015,"2026-09-18 13:34:10"
DEV111,18.590224,73.783959,"2026-09-18 18:40:31"
DEV130,18.49374,73.92133,"2026-09-18 16:39:41"
DEV129,18.563162,73.939517,"2026-09-18 06:41:18"
DEV128,18.521941,73.885409,"2026-09-18 11:12:14"
DEV127,18.549896,73.865805,"2026-09-18 12:44:36"
DEV126,18.499265,73.75832,"2026-09-18 13:58:23"
DEV125,18.49405,73.888846,"2026-09-18 19:46:36"
DEV124,18.643864,73.833079,"2026-09-18 08:52:23"
DEV123,18.56978,73.847488,"2026-09-18 16:53:19"
DEV122,18.598044,73.905913,"2026-09-18 17:30:43"
DEV121,18.459436,73.790873,"2026-09-18 20:57:53"
DEV140,18.607674,73.810194,"2026-09-18 08:22:32"
DEV139,18.609162,73.861963,"2026-09-18 12:59:53"
DEV138,18.525762,73.88182,"2026-09-18 08:42:15"
DEV137,18.613615,73.87263,"2026-09-18 16:23:44"
DEV136,18.493626,73.801219,"2026-09-18 16:38:37"
DEV135,18.522439,73.936537,"2026-09-18 15:48:22"
DEV134,18.467225,73.890026,"2026-09-18 10:07:06"
DEV133,18.472187,73.915576,"2026-09-18 19:42:43"
DEV132,18.559863,73.81536,"2026-09-18 22:45:46"
DEV131,18.639979,73.908259,"2026-09-18 07:48:55"
DEV150,18.482018,73.846012,"2026-09-18 21:38:26"
DEV149,18.481997,73.757964,"2026-09-18 18:13:31"
DEV148,18.545252,73.794773,"2026-09-18 17:44:20"
DEV147,18.606221,73.916782,"2026-09-18 20:02:46"
DEV146,18.575895,73.883732,"2026-09-18 13:43:57"
DEV145,18.503667,73.945419,"2026-09-18 07:22:04"
DEV144,18.544208,73.772762,"2026-09-18 08:39:02"
DEV143,18.537642,73.894654,"2026-09-18 11:07:44"
DEV142,18.517747,73.907709,"2026-09-18 21:45:03"
DEV141,18.503403,73.861096,"2026-09-18 22:35:53"
DEV160,18.493069,73.779532,"2026-09-18 07:34:05"
DEV159,18.453659,73.912943,"2026-09-18 06:19:03"
DEV158,18.579853,73.788057,"2026-09-18 06:03:42"
DEV157,18.539457,73.79511,"2026-09-18 19:21:36"
DEV156,18.500558,73.931258,"2026-09-18 19:08:31"
DEV155,18.479298,73.832649,"2026-09-18 16:39:16"
DEV154,18.628794,73.867926,"2026-09-18 10:31:34"
DEV153,18.562466,73.752583,"2026-09-18 12:25:07"
DEV152,18.619832,73.772612,"2026-09-18 06:18:10"
DEV151,18.599985,73.889234,"2026-09-18 09:55:41"
DEV170,18.46337,73.878205,"2026-09-18 06:04:40"
DEV169,18.46997,73.847097,"2026-09-18 08:10:26"
DEV168,18.486598,73.856258,"2026-09-18 07:49:36"
DEV167,18.638692,73.82898,"2026-09-18 08:26:59"
DEV166,18.557176,73.799411,"2026-09-18 16:40:11"
DEV165,18.529401,73.770424,"2026-09-18 11:25:59"
DEV164,18.508324,73.849863,"2026-09-18 16:34:08"
DEV163,18.572118,73.787566,"2026-09-18 07:49:31"
DEV162,18.644676,73.858954,"2026-09-18 19:39:47"
DEV161,18.526858,73.85206,"2026-09-18 12:46:35"
DEV180,18.542433,73.773,"2026-09-18 09:12:16"
DEV179,18.5695,73.834401,"2026-09-18 11:23:52"
DEV178,18.514322,73.881093,"2026-09-18 11:18:45"
DEV177,18.569225,73.758624,"2026-09-18 13:15:45"
DEV176,18.451347,73.900404,"2026-09-18 18:34:41"
DEV175,18.538686,73.94949,"2026-09-18 17:10:05"
DEV174,18.50849,73.848276,"2026-09-18 15:51:08"
DEV173,18.53472,73.825871,"2026-09-18 16:38:29"
DEV172,18.648354,73.766192,"2026-09-18 13:18:04"
DEV171,18.630905,73.796837,"2026-09-18 13:46:29"
DEV190,18.56684,73.85979,"2026-09-18 22:51:58"
DEV189,18.512771,73.868572,"2026-09-18 06:23:11"
DEV188,18.517019,73.871454,"2026-09-18 06:31:41"
DEV187,18.516708,73.864899,"2026-09-18 20:49:17"
DEV186,18.577153,73.862655,"2026-09-18 21:27:15"
DEV185,18.621112,73.860115,"2026-09-18 09:09:54"
DEV184,18.505845,73.917511,"2026-09-18 11:57:06"
DEV183,18.497568,73.777781,"2026-09-18 22:40:37"
DEV182,18.547656,73.849683,"2026-09-18 06:27:45"
DEV181,18.578172,73.774527,"2026-09-18 17:44:24"
DEV200,18.467015,73.820718,"2026-09-18 14:42:58"
DEV199,18.550563,73.945185,"2026-09-18 12:18:35"
DEV198,18.635622,73.855403,"2026-09-18 20:27:45"
DEV197,18.584538,73.912243,"2026-09-18 06:38:46"
DEV196,18.601279,73.883588,"2026-09-18 07:11:55"
DEV195,18.519756,73.856468,"2026-09-18 16:27:40"
DEV194,18.54596,73.860581,"2026-09-18 11:31:38"
DEV193,18.643389,73.921867,"2026-09-18 12:43:44"
DEV192,18.530227,73.913637,"2026-09-18 21:05:17"
DEV191,18.646624,73.800597,"2026-09-18 11:21:53"
DEV010,18.613782,73.779566,"2026-09-18 10:48:04"
DEV009,18.643725,73.949171,"2026-09-18 07:14:51"
DEV008,18.525878,73.885355,"2026-09-18 10:10:37"
DEV007,18.489643,73.800789,"2026-09-18 17:28:35"
DEV006,18.57272,73.758547,"2026-09-18 12:20:19"
DEV005,18.597233,73.862441,"2026-09-18 16:14:34"
DEV004,18.515202,73.914494,"2026-09-18 08:17:00"
DEV003,18.490835,73.873584,"2026-09-18 14:06:37"
DEV002,18.556329,73.795395,"2026-09-18 15:10:45"
DEV001,18.453768,73.844866,"2026-09-18 11:21:26"
DEV020,18.480537,73.913606,"2026-09-18 16:44:43"
DEV019,18.591261,73.877059,"2026-09-18 06:58:42"
DEV018,18.526374,73.897338,"2026-09-18 15:08:36"
DEV017,18.545838,73.906478,"2026-09-18 14:03:52"
DEV016,18.454954,73.890138,"2026-09-18 13:17:43"
DEV015,18.458724,73.936137,"2026-09-18 14:53:01"
DEV014,18.614154,73.857233,"2026-09-18 09:42:52"
DEV013,18.546809,73.902942,"2026-09-18 12:18:49"
DEV012,18.562574,73.890029,"2026-09-18 19:48:22"
DEV011,18.64204,73.822925,"2026-09-18 22:01:22"
DEV030,18.57375,73.803234,"2026-09-18 14:04:05"
DEV029,18.564896,73.839722,"2026-09-18 14:50:00"
DEV028,18.500447,73.890468,"2026-09-18 18:50:05"
DEV027,18.583584,73.764928,"2026-09-18 12:16:49"
DEV026,18.574655,73.75161,"2026-09-18 08:53:50"
DEV025,18.615597,73.875731,"2026-09-18 17:12:29"
DEV024,18.532113,73.764981,"2026-09-18 08:25:41"
DEV023,18.547897,73.75378,"2026-09-18 16:38:33"
DEV022,18.464702,73.847887,"2026-09-18 09:51:09"
DEV021,18.582972,73.87888,"2026-09-18 09:51:58"
DEV040,18.490784,73.817466,"2026-09-18 07:16:22"
DEV039,18.522487,73.867506,"2026-09-18 20:27:20"
DEV038,18.547819,73.928895,"2026-09-18 06:05:10"
DEV037,18.518394,73.888924,"2026-09-18 13:36:08"
DEV036,18.480421,73.833786,"2026-09-18 16:51:07"
DEV035,18.636995,73.901962,"2026-09-18 22:54:00"
DEV034,18.588245,73.844745,"2026-09-18 11:00:51"
DEV033,18.460718,73.826617,"2026-09-18 18:49:45"
DEV032,18.574814,73.921271,"2026-09-18 12:57:45"
DEV031,18.545753,73.783026,"2026-09-18 12:37:08"
DEV050,18.540275,73.767762,"2026-09-18 07:31:43"
DEV049,18.486647,73.879276,"2026-09-18 17:35:50"
DEV048,18.544366,73.812513,"2026-09-18 08:30:16"
DEV047,18.609797,73.860585,"2026-09-18 12:15:01"
DEV046,18.485917,73.908981,"2026-09-18 13:24:29"
DEV045,18.608829,73.88268,"2026-09-18 21:53:15"
DEV044,18.586524,73.871883,"2026-09-18 22:59:11"
DEV043,18.483555,73.918254,"2026-09-18 17:57:04"
DEV042,18.648256,73.919471,"2026-09-18 10:28:10"
DEV041,18.604512,73.764804,"2026-09-18 06:53:28"
DEV060,18.458014,73.758615,"2026-09-18 07:37:03"
DEV059,18.519318,73.839493,"2026-09-18 09:21:29"
DEV058,18.57907,73.876819,"2026-09-18 09:59:07"
DEV057,18.503981,73.87924,"2026-09-18 13:09:42"
DEV056,18.483569,73.865071,"2026-09-18 12:20:42"
DEV055,18.478028,73.866197,"2026-09-18 14:14:11"
DEV054,18.585905,73.93883,"2026-09-18 17:35:48"
DEV053,18.56567,73.919054,"2026-09-18 14:21:07"
DEV052,18.634136,73.775903,"2026-09-18 21:03:14"
DEV051,18.457816,73.857765,"2026-09-18 15:48:25"
DEV070,18.503597,73.87185,"2026-09-18 10:07:07"
DEV069,18.526738,73.788317,"2026-09-18 19:42:59"
DEV068,18.541898,73.92538,"2026-09-18 06:06:09"
DEV067,18.529893,73.945844,"2026-09-18 17:51:39"
DEV066,18.560173,73.882241,"2026-09-18 17:06:30"
DEV065,18.506717,73.841521,"2026-09-18 13:26:00"
DEV064,18.612705,73.901166,"2026-09-18 11:45:19"
DEV063,18.535064,73.772181,"2026-09-18 10:44:09"
DEV062,18.462039,73.843046,"2026-09-18 08:28:27"
DEV061,18.516418,73.794757,"2026-09-18 08:05:06"
DEV080,18.638379,73.818306,"2026-09-18 20:59:36"
DEV079,18.527052,73.806079,"2026-09-18 10:11:06"
DEV078,18.527949,73.792035,"2026-09-18 20:59:16"
DEV077,18.605529,73.798666,"2026-09-18 21:01:23"
DEV076,18.587719,73.908365,"2026-09-18 21:11:12"
DEV075,18.468249,73.90524,"2026-09-18 16:19:23"
DEV074,18.591529,73.893296,"2026-09-18 13:48:38"
DEV073,18.479573,73.822191,"2026-09-18 12:08:23"
DEV072,18.594595,73.856274,"2026-09-18 14:17:41"
DEV071,18.61911,73.90279,"2026-09-18 10:48:46"
DEV090,18.474736,73.903815,"2026-09-18 14:03:49"
DEV089,18.462897,73.92988,"2026-09-18 11:09:37"
DEV088,18.613912,73.787428,"2026-09-18 14:06:33"
DEV087,18.614739,73.887479,"2026-09-18 22:25:13"
DEV086,18.603466,73.937788,"2026-09-18 12:40:33"
DEV085,18.479344,73.861096,"2026-09-18 11:43:58"
DEV084,18.453949,73.767401,"2026-09-18 12:23:18"
DEV083,18.573596,73.9425,"2026-09-18 22:17:43"
DEV082,18.631059,73.88016,"2026-09-18 15:08:52"
DEV081,18.59763,73.765285,"2026-09-18 08:51:01"
DEV100,18.571815,73.858472,"2026-09-18 21:02:15"
DEV099,18.609157,73.815043,"2026-09-18 10:03:29"
DEV098,18.493585,73.824697,"2026-09-18 09:37:54"
DEV097,18.639553,73.769579,"2026-09-18 16:59:06"
DEV096,18.637444,73.89951,"2026-09-18 21:44:36"
DEV095,18.527557,73.782135,"2026-09-18 16:52:48"
DEV094,18.593606,73.884023,"2026-09-18 09:20:25"
DEV093,18.644425,73.804227,"2026-09-18 13:28:05"
DEV092,18.526629,73.869558,"2026-09-18 20:16:18"
DEV091,18.530851,73.850537,"2026-09-18 11:06:41"
